Wavelength (nm),Irradiance W/m2/nm,"Wavelength, microns",E-490 W/m2/micron
119.5,6.19E-05,0.1195,6.19E-02
120.5,5.61E-04,0.1205,0.5614
121.5,4.90E-03,0.1215,4.901
122.5,1.18E-03,0.1225,1.184
123.5,4.77E-05,0.1235,4.77E-02
124.5,3.43E-05,0.1245,3.43E-02
125.5,2.88E-05,0.1255,2.88E-02
126.5,3.52E-05,0.1265,3.52E-02
127.5,2.13E-05,0.1275,2.13E-02
128.5,1.73E-05,0.1285,1.73E-02
129.5,3.99E-05,0.1295,3.99E-02
130.5,1.21E-04,0.1305,0.1206
131.5,3.98E-05,0.1315,3.98E-02
132.5,4.13E-05,0.1325,4.13E-02
133.5,1.68E-04,0.1335,0.168
134.5,4.57E-05,0.1345,4.57E-02
135.5,3.80E-05,0.1355,3.80E-02
136.5,3.09E-05,0.1365,3.09E-02
137.5,2.92E-05,0.1375,2.92E-02
138.5,3.97E-05,0.1385,3.97E-02
139.5,7.56E-05,0.1395,7.56E-02
140.5,6.08E-05,0.1405,6.08E-02
141.5,4.21E-05,0.1415,4.21E-02
142.5,4.68E-05,0.1425,4.68E-02
143.5,5.11E-05,0.1435,5.11E-02
144.5,5.09E-05,0.1445,5.09E-02
145.5,5.54E-05,0.1455,5.54E-02
146.5,7.09E-05,0.1465,7.09E-02
147.5,8.49E-05,0.1475,8.49E-02
148.5,8.20E-05,0.1485,8.20E-02
149.5,7.96E-05,0.1495,7.96E-02
150.5,8.70E-05,0.1505,8.70E-02
151.5,9.27E-05,0.1515,9.27E-02
152.5,1.16E-04,0.1525,0.1163
153.5,1.30E-04,0.1535,0.1299
154.5,2.06E-04,0.1545,0.2059
155.5,2.14E-04,0.1555,0.2144
156.5,1.85E-04,0.1565,0.1847
157.5,1.72E-04,0.1575,0.1717
158.5,1.68E-04,0.1585,0.1675
159.5,1.75E-04,0.1595,0.1754
160.5,1.93E-04,0.1605,0.1934
161.5,2.23E-04,0.1615,0.2228
162.5,2.52E-04,0.1625,0.2519
163.5,2.84E-04,0.1635,0.2841
164.5,2.97E-04,0.1645,0.2973
165.5,4.30E-04,0.1655,0.4302
166.5,3.99E-04,0.1665,0.3989
167.5,3.88E-04,0.1675,0.3875
168.5,4.56E-04,0.1685,0.4556
169.5,5.88E-04,0.1695,0.5877
170.5,6.62E-04,0.1705,0.6616
171.5,6.88E-04,0.1715,0.688
172.5,7.25E-04,0.1725,0.7252
173.5,7.65E-04,0.1735,0.7645
174.5,9.07E-04,0.1745,0.9067
175.5,1.08E-03,0.1755,1.079
176.5,1.22E-03,0.1765,1.22
177.5,1.40E-03,0.1775,1.403
178.5,1.54E-03,0.1785,1.538
179.5,1.58E-03,0.1795,1.576
180.5,1.83E-03,0.1805,1.831
181.5,2.23E-03,0.1815,2.233
182.5,2.24E-03,0.1825,2.243
183.5,2.24E-03,0.1835,2.244
184.5,2.07E-03,0.1845,2.066
185.5,2.31E-03,0.1855,2.311
186.5,2.70E-03,0.1865,2.7
187.5,3.01E-03,0.1875,3.009
188.5,3.29E-03,0.1885,3.291
189.5,3.57E-03,0.1895,3.569
190.5,3.76E-03,0.1905,3.764
191.5,4.17E-03,0.1915,4.165
192.5,4.11E-03,0.1925,4.113
193.5,3.81E-03,0.1935,3.808
194.5,5.21E-03,0.1945,5.21
195.5,5.43E-03,0.1955,5.427
196.5,6.01E-03,0.1965,6.008
197.5,6.19E-03,0.1975,6.191
198.5,6.19E-03,0.1985,6.187
199.5,6.66E-03,0.1995,6.664
200.5,7.33E-03,0.2005,7.326
201.5,8.02E-03,0.2015,8.023
202.5,8.26E-03,0.2025,8.261
203.5,9.22E-03,0.2035,9.217
204.5,1.03E-02,0.2045,10.25
205.5,1.05E-02,0.2055,10.54
206.5,1.11E-02,0.2065,11.08
207.5,1.27E-02,0.2075,12.65
208.5,1.51E-02,0.2085,15.05
209.5,2.14E-02,0.2095,21.38
210.5,2.79E-02,0.2105,27.92
211.5,3.35E-02,0.2115,33.54
212.5,3.13E-02,0.2125,31.3
213.5,3.32E-02,0.2135,33.15
214.5,4.00E-02,0.2145,40.03
215.5,3.62E-02,0.2155,36.15
216.5,3.23E-02,0.2165,32.27
217.5,3.53E-02,0.2175,35.29
218.5,4.44E-02,0.2185,44.37
219.5,4.69E-02,0.2195,46.92
220.5,4.73E-02,0.2205,47.33
221.5,3.96E-02,0.2215,39.58
222.5,4.97E-02,0.2225,49.65
223.5,6.30E-02,0.2235,63.01
224.5,5.90E-02,0.2245,58.97
225.5,5.23E-02,0.2255,52.29
226.5,3.94E-02,0.2265,39.4
227.5,3.99E-02,0.2275,39.92
228.5,5.20E-02,0.2285,51.95
229.5,4.77E-02,0.2295,47.71
230.5,5.21E-02,0.2305,52.12
231.5,5.10E-02,0.2315,50.97
232.5,5.33E-02,0.2325,53.26
233.5,4.47E-02,0.2335,44.74
234.5,3.90E-02,0.2345,38.97
235.5,5.14E-02,0.2355,51.42
236.5,4.86E-02,0.2365,48.59
237.5,4.84E-02,0.2375,48.44
238.5,4.20E-02,0.2385,41.96
239.5,4.41E-02,0.2395,44.12
240.5,3.96E-02,0.2405,39.56
241.5,5.15E-02,0.2415,51.48
242.5,7.06E-02,0.2425,70.6
243.5,6.65E-02,0.2435,66.53
244.5,6.10E-02,0.2445,60.97
245.5,4.94E-02,0.2455,49.39
246.5,5.04E-02,0.2465,50.4
247.5,5.55E-02,0.2475,55.5
248.5,4.57E-02,0.2485,45.65
249.5,5.64E-02,0.2495,56.38
250.5,6.01E-02,0.2505,60.1
251.5,4.60E-02,0.2515,46.01
252.5,4.16E-02,0.2525,41.55
253.5,5.16E-02,0.2535,51.55
254.5,5.96E-02,0.2545,59.57
255.5,7.93E-02,0.2555,79.3
256.5,1.02E-01,0.2565,101.8
257.5,1.25E-01,0.2575,125.4
258.5,1.25E-01,0.2585,125.1
259.5,1.04E-01,0.2595,104
260.5,8.55E-02,0.2605,85.51
261.5,8.98E-02,0.2615,89.8
262.5,1.04E-01,0.2625,103.6
263.5,1.66E-01,0.2635,165.8
264.5,2.50E-01,0.2645,249.7
265.5,2.53E-01,0.2655,252.7
266.5,2.49E-01,0.2665,249.4
267.5,2.51E-01,0.2675,250.8
268.5,2.44E-01,0.2685,243.8
269.5,2.39E-01,0.2695,238.9
270.5,2.67E-01,0.2705,267.3
271.5,2.24E-01,0.2715,224.4
272.5,1.97E-01,0.2725,197.4
273.5,1.97E-01,0.2735,196.5
274.5,1.33E-01,0.2745,132.6
275.5,1.75E-01,0.2755,175.1
276.5,2.43E-01,0.2765,242.8
277.5,2.34E-01,0.2775,233.8
278.5,1.59E-01,0.2785,159.3
279.5,8.56E-02,0.2795,85.55
280.5,9.46E-02,0.2805,94.63
281.5,2.08E-01,0.2815,208.3
282.5,2.94E-01,0.2825,294.1
283.5,3.14E-01,0.2835,313.5
284.5,2.35E-01,0.2845,235.3
285.5,1.63E-01,0.2855,163.1
286.5,3.23E-01,0.2865,322.7
287.5,3.36E-01,0.2875,336.3
288.5,3.22E-01,0.2885,322.2
289.5,4.73E-01,0.2895,472.7
290.5,6.01E-01,0.2905,601.3
291.5,5.81E-01,0.2915,580.8
292.5,5.22E-01,0.2925,521.9
293.5,5.36E-01,0.2935,535.5
294.5,5.09E-01,0.2945,508.8
295.5,5.53E-01,0.2955,553.2
296.5,5.10E-01,0.2965,509.6
297.5,5.07E-01,0.2975,507.3
298.5,4.66E-01,0.2985,465.5
299.5,4.84E-01,0.2995,484
300.5,4.20E-01,0.3005,420
301.5,4.56E-01,0.3015,455.5
302.5,4.89E-01,0.3025,489
303.5,6.21E-01,0.3035,620.6
304.5,6.03E-01,0.3045,602.5
305.5,5.95E-01,0.3055,594.8
306.5,5.56E-01,0.3065,555.7
307.5,6.15E-01,0.3075,615
308.5,6.11E-01,0.3085,611.4
309.5,4.97E-01,0.3095,496.5
310.5,6.22E-01,0.3105,622.4
311.5,7.29E-01,0.3115,729.2
312.5,6.56E-01,0.3125,655.9
313.5,7.00E-01,0.3135,699.9
314.5,6.63E-01,0.3145,662.9
315.5,6.33E-01,0.3155,633
316.5,6.33E-01,0.3165,633.2
317.5,7.74E-01,0.3175,773.9
318.5,6.65E-01,0.3185,664.9
319.5,7.11E-01,0.3195,710.5
320.5,8.05E-01,0.3205,805.1
321.5,7.00E-01,0.3215,699.5
322.5,6.89E-01,0.3225,688.6
323.5,6.61E-01,0.3235,661.3
324.5,7.61E-01,0.3245,760.8
325.5,8.76E-01,0.3255,875.8
326.5,9.80E-01,0.3265,979.5
327.5,9.53E-01,0.3275,952.7
328.5,9.18E-01,0.3285,917.6
329.5,1.06E+00,0.3295,1061
330.5,1.02E+00,0.3305,1016
331.5,9.66E-01,0.3315,965.7
332.5,9.55E-01,0.3325,954.9
333.5,9.22E-01,0.3335,921.6
334.5,9.59E-01,0.3345,958.9
335.5,9.43E-01,0.3355,943.4
336.5,8.10E-01,0.3365,809.5
337.5,8.42E-01,0.3375,841.8
338.5,9.22E-01,0.3385,921.5
339.5,9.58E-01,0.3395,958.1
340.5,1.01E+00,0.3405,1007
341.5,9.24E-01,0.3415,923.8
342.5,9.93E-01,0.3425,993
343.5,9.51E-01,0.3435,950.6
344.5,7.96E-01,0.3445,795.7
345.5,9.39E-01,0.3455,939.2
346.5,9.26E-01,0.3465,926.4
347.5,9.02E-01,0.3475,901.7
348.5,8.97E-01,0.3485,897.2
349.5,8.90E-01,0.3495,889.8
350.5,1.05E+00,0.3505,1050
351.5,9.80E-01,0.3515,979.5
352.5,9.08E-01,0.3525,907.9
353.5,1.03E+00,0.3535,1033
354.5,1.11E+00,0.3545,1111
355.5,1.05E+00,0.3555,1045
356.5,9.12E-01,0.3565,912.3
357.5,7.96E-01,0.3575,796
358.5,6.94E-01,0.3585,693.6
359.5,9.91E-01,0.3595,991.1
360.5,9.71E-01,0.3605,970.8
361.5,8.78E-01,0.3615,878.1
362.5,9.98E-01,0.3625,997.8
363.5,9.97E-01,0.3635,996.9
364.5,1.01E+00,0.3645,1013
365.5,1.15E+00,0.3655,1152
366.5,1.23E+00,0.3665,1233
367.5,1.18E+00,0.3675,1180
368.5,1.10E+00,0.3685,1101
369.5,1.23E+00,0.3695,1226
370.5,1.14E+00,0.3705,1139
371.5,1.18E+00,0.3715,1175
372.5,1.05E+00,0.3725,1054
373.5,9.20E-01,0.3735,920.2
374.5,9.00E-01,0.3745,900.4
375.5,1.06E+00,0.3755,1062
376.5,1.09E+00,0.3765,1085
377.5,1.28E+00,0.3775,1282
378.5,1.33E+00,0.3785,1327
379.5,1.07E+00,0.3795,1066
380.5,1.20E+00,0.3805,1202
381.5,1.08E+00,0.3815,1082
382.5,7.91E-01,0.3825,791.3
383.5,6.84E-01,0.3835,684.1
384.5,9.60E-01,0.3845,959.7
385.5,1.01E+00,0.3855,1008
386.5,1.01E+00,0.3865,1007
387.5,1.00E+00,0.3875,1004
388.5,9.84E-01,0.3885,984.3
389.5,1.17E+00,0.3895,1174
390.5,1.25E+00,0.3905,1247
391.5,1.34E+00,0.3915,1342
392.5,1.02E+00,0.3925,1019
393.5,5.82E-01,0.3935,582.3
394.5,1.03E+00,0.3945,1026
395.5,1.31E+00,0.3955,1314
396.5,8.55E-01,0.3965,854.5
397.5,9.29E-01,0.3975,928.8
398.5,1.52E+00,0.3985,1522
399.5,1.66E+00,0.3995,1663
400.5,1.68E+00,0.4005,1682
401.5,1.75E+00,0.4015,1746
402.5,1.76E+00,0.4025,1759
403.5,1.68E+00,0.4035,1684
404.5,1.67E+00,0.4045,1674
405.5,1.67E+00,0.4055,1667
406.5,1.59E+00,0.4065,1589
407.5,1.63E+00,0.4075,1628
408.5,1.74E+00,0.4085,1735
409.5,1.72E+00,0.4095,1715
410.5,1.53E+00,0.4105,1532
411.5,1.82E+00,0.4115,1817
412.5,1.79E+00,0.4125,1789
413.5,1.76E+00,0.4135,1756
414.5,1.74E+00,0.4145,1737
415.5,1.73E+00,0.4155,1734
416.5,1.84E+00,0.4165,1842
417.5,1.67E+00,0.4175,1665
418.5,1.68E+00,0.4185,1684
419.5,1.70E+00,0.4195,1701
420.5,1.76E+00,0.4205,1757
421.5,1.80E+00,0.4215,1797
422.5,1.58E+00,0.4225,1582
423.5,1.71E+00,0.4235,1711
424.5,1.77E+00,0.4245,1767
425.5,1.70E+00,0.4255,1695
426.5,1.70E+00,0.4265,1698
427.5,1.57E+00,0.4275,1569
428.5,1.59E+00,0.4285,1587
429.5,1.48E+00,0.4295,1475
430.5,1.14E+00,0.4305,1135
431.5,1.69E+00,0.4315,1686
432.5,1.65E+00,0.4325,1646
433.5,1.73E+00,0.4335,1731
434.5,1.67E+00,0.4345,1670
435.5,1.72E+00,0.4355,1723
436.5,1.93E+00,0.4365,1929
437.5,1.81E+00,0.4375,1806
438.5,1.57E+00,0.4385,1567
439.5,1.83E+00,0.4395,1825
440.5,1.71E+00,0.4405,1713
441.5,1.93E+00,0.4415,1931
442.5,1.98E+00,0.4425,1980
443.5,1.91E+00,0.4435,1909
444.5,1.97E+00,0.4445,1973
445.5,1.82E+00,0.4455,1821
446.5,1.89E+00,0.4465,1891
447.5,2.08E+00,0.4475,2077
448.5,1.97E+00,0.4485,1973
449.5,2.03E+00,0.4495,2027
450.5,2.14E+00,0.4505,2144
451.5,2.11E+00,0.4515,2109
452.5,1.94E+00,0.4525,1941
453.5,1.97E+00,0.4535,1970
454.5,1.98E+00,0.4545,1979
455.5,2.03E+00,0.4555,2034
456.5,2.08E+00,0.4565,2077
457.5,2.10E+00,0.4575,2100
458.5,1.97E+00,0.4585,1971
459.5,2.01E+00,0.4595,2009
460.5,2.04E+00,0.4605,2040
461.5,2.06E+00,0.4615,2055
462.5,2.10E+00,0.4625,2104
463.5,2.04E+00,0.4635,2040
464.5,1.98E+00,0.4645,1976
465.5,2.04E+00,0.4655,2042
466.5,1.92E+00,0.4665,1921
467.5,2.02E+00,0.4675,2015
468.5,1.99E+00,0.4685,1994
469.5,1.99E+00,0.4695,1990
470.5,1.88E+00,0.4705,1877
471.5,2.02E+00,0.4715,2018
472.5,2.04E+00,0.4725,2041
473.5,1.99E+00,0.4735,1991
474.5,2.05E+00,0.4745,2051
475.5,2.02E+00,0.4755,2016
476.5,1.96E+00,0.4765,1956
477.5,2.08E+00,0.4775,2075
478.5,2.01E+00,0.4785,2009
479.5,2.08E+00,0.4795,2076
480.5,2.04E+00,0.4805,2035
481.5,2.09E+00,0.4815,2090
482.5,2.02E+00,0.4825,2023
483.5,2.02E+00,0.4835,2019
484.5,1.97E+00,0.4845,1969
485.5,1.83E+00,0.4855,1830
486.5,1.63E+00,0.4865,1625
487.5,1.83E+00,0.4875,1830
488.5,1.91E+00,0.4885,1914
489.5,1.96E+00,0.4895,1960
490.5,2.01E+00,0.4905,2007
491.5,1.90E+00,0.4915,1896
492.5,1.90E+00,0.4925,1896
493.5,1.89E+00,0.4935,1888
494.5,2.06E+00,0.4945,2058
495.5,1.93E+00,0.4955,1926
496.5,2.02E+00,0.4965,2017
497.5,2.02E+00,0.4975,2018
498.5,1.87E+00,0.4985,1866
499.5,1.97E+00,0.4995,1970
500.5,1.86E+00,0.5005,1857
501.5,1.81E+00,0.5015,1812
502.5,1.89E+00,0.5025,1894
503.5,1.93E+00,0.5035,1934
504.5,1.87E+00,0.5045,1869
505.5,1.99E+00,0.5055,1993
506.5,1.96E+00,0.5065,1961
507.5,1.91E+00,0.5075,1906
508.5,1.92E+00,0.5085,1919
509.5,1.92E+00,0.5095,1916
510.5,1.95E+00,0.5105,1947
511.5,2.00E+00,0.5115,1997
512.5,1.87E+00,0.5125,1867
513.5,1.86E+00,0.5135,1861
514.5,1.87E+00,0.5145,1874
515.5,1.90E+00,0.5155,1900
516.5,1.67E+00,0.5165,1669
517.5,1.73E+00,0.5175,1726
518.5,1.65E+00,0.5185,1654
519.5,1.83E+00,0.5195,1828
520.5,1.83E+00,0.5205,1831
521.5,1.91E+00,0.5215,1906
522.5,1.82E+00,0.5225,1823
523.5,1.89E+00,0.5235,1894
524.5,1.96E+00,0.5245,1958
525.5,1.93E+00,0.5255,1930
526.5,1.67E+00,0.5265,1674
527.5,1.83E+00,0.5275,1828
528.5,1.90E+00,0.5285,1897
529.5,1.92E+00,0.5295,1918
530.5,1.95E+00,0.5305,1952
531.5,1.96E+00,0.5315,1963
532.5,1.77E+00,0.5325,1770
533.5,1.92E+00,0.5335,1923
534.5,1.86E+00,0.5345,1858
535.5,1.99E+00,0.5355,1990
536.5,1.87E+00,0.5365,1871
537.5,1.88E+00,0.5375,1882
538.5,1.90E+00,0.5385,1904
539.5,1.83E+00,0.5395,1832
540.5,1.77E+00,0.5405,1769
541.5,1.88E+00,0.5415,1881
542.5,1.83E+00,0.5425,1825
543.5,1.88E+00,0.5435,1879
544.5,1.88E+00,0.5445,1879
545.5,1.90E+00,0.5455,1901
546.5,1.88E+00,0.5465,1879
547.5,1.83E+00,0.5475,1833
548.5,1.86E+00,0.5485,1863
549.5,1.90E+00,0.5495,1895
550.5,1.86E+00,0.5505,1862
551.5,1.87E+00,0.5515,1871
552.5,1.85E+00,0.5525,1846
553.5,1.88E+00,0.5535,1882
554.5,1.90E+00,0.5545,1898
555.5,1.90E+00,0.5555,1897
556.5,1.82E+00,0.5565,1821
557.5,1.85E+00,0.5575,1846
558.5,1.79E+00,0.5585,1787
559.5,1.81E+00,0.5595,1808
560.5,1.84E+00,0.5605,1843
561.5,1.82E+00,0.5615,1824
562.5,1.85E+00,0.5625,1850
563.5,1.86E+00,0.5635,1861
564.5,1.85E+00,0.5645,1854
565.5,1.80E+00,0.5655,1798
566.5,1.83E+00,0.5665,1829
567.5,1.89E+00,0.5675,1887
568.5,1.81E+00,0.5685,1810
569.5,1.86E+00,0.5695,1860
570.5,1.77E+00,0.5705,1769
571.5,1.82E+00,0.5715,1823
572.5,1.89E+00,0.5725,1892
573.5,1.88E+00,0.5735,1876
574.5,1.87E+00,0.5745,1867
575.5,1.83E+00,0.5755,1830
576.5,1.85E+00,0.5765,1846
577.5,1.86E+00,0.5775,1857
578.5,1.78E+00,0.5785,1783
579.5,1.83E+00,0.5795,1828
580.5,1.84E+00,0.5805,1838
581.5,1.85E+00,0.5815,1853
582.5,1.87E+00,0.5825,1873
583.5,1.86E+00,0.5835,1857
584.5,1.86E+00,0.5845,1860
585.5,1.78E+00,0.5855,1783
586.5,1.83E+00,0.5865,1830
587.5,1.85E+00,0.5875,1848
588.5,1.75E+00,0.5885,1750
589.5,1.61E+00,0.5895,1612
590.5,1.81E+00,0.5905,1813
591.5,1.79E+00,0.5915,1787
592.5,1.81E+00,0.5925,1808
593.5,1.80E+00,0.5935,1796
594.5,1.77E+00,0.5945,1773
595.5,1.78E+00,0.5955,1782
596.5,1.81E+00,0.5965,1805
597.5,1.78E+00,0.5975,1780
598.5,1.76E+00,0.5985,1757
599.5,1.77E+00,0.5995,1774
600.5,1.75E+00,0.6005,1746
601.5,1.75E+00,0.6015,1751
602.5,1.72E+00,0.6025,1719
603.5,1.79E+00,0.6035,1787
604.5,1.78E+00,0.6045,1776
605.5,1.76E+00,0.6055,1763
606.5,1.76E+00,0.6065,1759
607.5,1.76E+00,0.6075,1757
608.5,1.74E+00,0.6085,1743
609.5,1.74E+00,0.6095,1744
610.5,1.70E+00,0.6105,1703
611.5,1.75E+00,0.6115,1746
612.5,1.71E+00,0.6125,1705
613.5,1.68E+00,0.6135,1683
614.5,1.71E+00,0.6145,1713
615.5,1.71E+00,0.6155,1713
616.5,1.61E+00,0.6165,1609
617.5,1.71E+00,0.6175,1707
618.5,1.72E+00,0.6185,1724
619.5,1.71E+00,0.6195,1707
620.5,1.73E+00,0.6205,1734
621.5,1.69E+00,0.6215,1690
622.5,1.71E+00,0.6225,1713
623.5,1.67E+00,0.6235,1666
624.5,1.66E+00,0.6245,1656
625.5,1.63E+00,0.6255,1632
626.5,1.70E+00,0.6265,1697
627.5,1.70E+00,0.6275,1697
628.5,1.70E+00,0.6285,1697
629.5,1.68E+00,0.6295,1677
631,1.64E+00,0.631,1639
633,1.65E+00,0.633,1651
635,1.66E+00,0.635,1656
637,1.65E+00,0.637,1654
639,1.65E+00,0.639,1651
641,1.61E+00,0.641,1614
643,1.62E+00,0.643,1621
645,1.63E+00,0.645,1627
647,1.60E+00,0.647,1603
649,1.56E+00,0.649,1558
651,1.61E+00,0.651,1606
653,1.60E+00,0.653,1599
655,1.53E+00,0.655,1532
657,1.38E+00,0.657,1384
659,1.55E+00,0.659,1549
661,1.57E+00,0.661,1571
663,1.56E+00,0.663,1555
665,1.56E+00,0.665,1560
667,1.54E+00,0.667,1535
669,1.55E+00,0.669,1546
671,1.52E+00,0.671,1516
673,1.52E+00,0.673,1521
675,1.51E+00,0.675,1510
677,1.51E+00,0.677,1508
679,1.50E+00,0.679,1498
681,1.49E+00,0.681,1492
683,1.48E+00,0.683,1479
685,1.46E+00,0.685,1455
687,1.47E+00,0.687,1467
689,1.46E+00,0.689,1461
691,1.45E+00,0.691,1448
693,1.45E+00,0.693,1448
695,1.44E+00,0.695,1436
697,1.42E+00,0.697,1416
699,1.43E+00,0.699,1425
701,1.39E+00,0.701,1386
703,1.39E+00,0.703,1388
705,1.42E+00,0.705,1415
707,1.40E+00,0.707,1400
709,1.38E+00,0.709,1384
711,1.39E+00,0.711,1385
713,1.37E+00,0.713,1373
715,1.37E+00,0.715,1366
717,1.35E+00,0.717,1354
719,1.33E+00,0.719,1328
721,1.33E+00,0.721,1331
723,1.35E+00,0.723,1348
725,1.35E+00,0.725,1350
727,1.35E+00,0.727,1346
729,1.32E+00,0.729,1319
731,1.33E+00,0.731,1326
733,1.32E+00,0.733,1318
735,1.31E+00,0.735,1309
737,1.31E+00,0.737,1307
739,1.28E+00,0.739,1278
741,1.26E+00,0.741,1258
743,1.29E+00,0.743,1286
745,1.28E+00,0.745,1279
747,1.28E+00,0.747,1283
749,1.27E+00,0.749,1270
751,1.26E+00,0.751,1262
753,1.26E+00,0.753,1259
755,1.26E+00,0.755,1255
757,1.25E+00,0.757,1248
759,1.24E+00,0.759,1240
761,1.24E+00,0.761,1237
763,1.24E+00,0.763,1241
765,1.22E+00,0.765,1221
767,1.19E+00,0.767,1185
769,1.20E+00,0.769,1203
771,1.20E+00,0.771,1204
773,1.21E+00,0.773,1208
775,1.19E+00,0.775,1188
777,1.20E+00,0.777,1196
779,1.19E+00,0.779,1187
781,1.19E+00,0.781,1187
783,1.18E+00,0.783,1176
785,1.18E+00,0.785,1180
787,1.18E+00,0.787,1177
789,1.17E+00,0.789,1174
791,1.16E+00,0.791,1158
793,1.14E+00,0.793,1143
795,1.13E+00,0.795,1134
797,1.15E+00,0.797,1152
799,1.14E+00,0.799,1135
801,1.14E+00,0.801,1142
803,1.13E+00,0.803,1129
805,1.12E+00,0.805,1115
807,1.12E+00,0.807,1120
809,1.10E+00,0.809,1095
811,1.11E+00,0.811,1114
813,1.12E+00,0.813,1115
815,1.11E+00,0.815,1107
817,1.10E+00,0.817,1104
819,1.06E+00,0.819,1063
821,1.08E+00,0.821,1080
823,1.07E+00,0.823,1073
825,1.08E+00,0.825,1075
826,1.08E+00,0.826,1080
828,1.08E+00,0.828,1081
830,1.06E+00,0.83,1063
832,1.05E+00,0.832,1051
834,1.04E+00,0.834,1041
836,1.05E+00,0.836,1052
838,1.04E+00,0.838,1044
840,1.04E+00,0.84,1040
842,1.04E+00,0.842,1036
844,1.02E+00,0.844,1024
846,1.03E+00,0.846,1028
848,1.02E+00,0.848,1023
850,9.66E-01,0.85,966
852,9.96E-01,0.852,996.1
854,8.78E-01,0.854,878
856,9.76E-01,0.856,975.5
858,1.01E+00,0.858,1005
860,9.97E-01,0.86,996.9
862,9.95E-01,0.862,994.9
864,9.99E-01,0.864,999.3
866,8.86E-01,0.866,886.2
868,9.40E-01,0.868,939.5
870,9.75E-01,0.87,974.7
872,9.83E-01,0.872,983.3
874,9.71E-01,0.874,971.3
876,9.64E-01,0.876,964
878,9.75E-01,0.878,974.9
880,9.55E-01,0.88,955.4
882,9.51E-01,0.882,951.1
884,9.58E-01,0.884,957.9
886,9.38E-01,0.886,938.3
888,9.44E-01,0.888,944.3
890,9.53E-01,0.89,953
892,9.39E-01,0.892,939.4
894,9.33E-01,0.894,933.2
896,9.39E-01,0.896,938.7
898,9.34E-01,0.898,933.9
900,9.16E-01,0.9,915.8
902,8.92E-01,0.902,891.6
904,9.29E-01,0.904,928.5
906,9.18E-01,0.906,917.6
908,9.03E-01,0.908,902.5
910,8.92E-01,0.91,891.6
912,8.97E-01,0.912,896.7
914,9.07E-01,0.914,907.1
916,9.00E-01,0.916,900.4
918,8.95E-01,0.918,895.1
920,8.91E-01,0.92,890.8
922,8.63E-01,0.922,863
924,8.59E-01,0.924,858.5
926,8.61E-01,0.926,861.2
928,8.77E-01,0.928,876.9
930,8.68E-01,0.93,867.7
932,8.65E-01,0.932,865.1
934,8.64E-01,0.934,864.1
936,8.55E-01,0.936,854.7
938,8.58E-01,0.938,858
940,8.44E-01,0.94,843.8
942,8.25E-01,0.942,825
944,8.32E-01,0.944,832.4
946,8.38E-01,0.946,837.5
948,8.41E-01,0.948,840.7
950,8.37E-01,0.95,836.9
952,8.32E-01,0.952,831.7
954,8.08E-01,0.954,808
956,8.08E-01,0.956,808.2
958,8.19E-01,0.958,818.8
960,8.15E-01,0.96,815.1
962,8.09E-01,0.962,808.9
964,8.01E-01,0.964,801.3
966,7.95E-01,0.966,794.7
968,7.97E-01,0.968,796.9
970,7.96E-01,0.97,795.9
972,7.94E-01,0.972,793.6
974,7.82E-01,0.974,781.5
976,7.83E-01,0.976,782.5
978,7.78E-01,0.978,777.9
980,7.75E-01,0.98,774.6
982,7.76E-01,0.982,776.4
984,7.70E-01,0.984,769.8
986,7.66E-01,0.986,766.1
988,7.62E-01,0.988,761.5
990,7.54E-01,0.99,754.1
992,7.57E-01,0.992,756.7
994,7.56E-01,0.994,755.6
996,7.53E-01,0.996,752.5
998,7.51E-01,0.998,751
1000,7.48E-01,1,747.9
1002,7.47E-01,1.002,746.9
1004,7.26E-01,1.004,726.1
1006,7.14E-01,1.006,713.6
1008,7.34E-01,1.008,733.5
1010,7.31E-01,1.01,731.3
1012,7.26E-01,1.012,726.2
1014,7.21E-01,1.014,721
1016,7.14E-01,1.016,713.9
1018,7.11E-01,1.018,710.7
1020,7.04E-01,1.02,704.1
1022,7.02E-01,1.022,702.1
1024,7.05E-01,1.024,705.4
1026,7.03E-01,1.026,702.7
1028,6.99E-01,1.028,698.9
1030,6.94E-01,1.03,693.7
1032,6.91E-01,1.032,690.5
1034,6.82E-01,1.034,681.7
1036,6.84E-01,1.036,684
1038,6.77E-01,1.038,677.2
1040,6.76E-01,1.04,676.1
1042,6.75E-01,1.042,674.6
1044,6.71E-01,1.044,671.4
1046,6.60E-01,1.046,660
1048,6.64E-01,1.048,664.4
1050,6.62E-01,1.05,662.2
1052,6.59E-01,1.052,658.6
1054,6.55E-01,1.054,654.9
1056,6.56E-01,1.056,655.7
1058,6.45E-01,1.058,645.1
1060,6.42E-01,1.06,641.5
1062,6.44E-01,1.062,643.8
1064,6.46E-01,1.064,645.9
1066,6.40E-01,1.066,639.5
1068,6.32E-01,1.068,631.7
1070,6.24E-01,1.07,624.1
1072,6.33E-01,1.072,632.6
1074,6.28E-01,1.074,627.6
1076,6.28E-01,1.076,628
1078,6.27E-01,1.078,627.2
1080,6.25E-01,1.08,624.7
1082,6.10E-01,1.082,609.9
1084,6.18E-01,1.084,618
1086,6.21E-01,1.086,620.8
1088,6.10E-01,1.088,610.3
1090,6.20E-01,1.09,619.9
1092,6.16E-01,1.092,615.9
1094,5.85E-01,1.094,584.9
1096,5.98E-01,1.096,598.3
1098,5.96E-01,1.098,596.1
1100,6.04E-01,1.1,604.2
1102,5.93E-01,1.102,593.2
1104,5.97E-01,1.104,597.4
1106,5.95E-01,1.106,594.5
1108,5.92E-01,1.108,591.6
1110,5.91E-01,1.11,590.6
1112,5.84E-01,1.112,584.3
1114,5.84E-01,1.114,584.4
1116,5.83E-01,1.116,583.1
1118,5.82E-01,1.118,581.5
1120,5.74E-01,1.12,574.1
1122,5.80E-01,1.122,579.6
1124,5.77E-01,1.124,576.9
1126,5.66E-01,1.126,565.5
1128,5.70E-01,1.128,570
1130,5.65E-01,1.13,565.3
1132,5.68E-01,1.132,567.8
1134,5.64E-01,1.134,563.8
1136,5.66E-01,1.136,565.8
1138,5.57E-01,1.138,556.9
1140,5.53E-01,1.14,553
1142,5.53E-01,1.142,553.1
1144,5.51E-01,1.144,551.4
1146,5.55E-01,1.146,554.8
1148,5.53E-01,1.148,552.5
1150,5.49E-01,1.15,548.9
1152,5.46E-01,1.152,545.8
1154,5.48E-01,1.154,547.9
1156,5.46E-01,1.156,545.5
1158,5.44E-01,1.158,543.5
1160,5.32E-01,1.16,532
1162,5.33E-01,1.162,532.5
1164,5.33E-01,1.164,533.2
1166,5.30E-01,1.166,530.3
1168,5.31E-01,1.168,531.2
1170,5.28E-01,1.17,527.6
1172,5.32E-01,1.172,531.5
1174,5.27E-01,1.174,527.3
1176,5.18E-01,1.176,518.4
1178,5.19E-01,1.178,519
1180,5.24E-01,1.18,523.9
1182,5.16E-01,1.182,515.9
1184,5.10E-01,1.184,510.3
1186,5.19E-01,1.186,518.7
1188,5.08E-01,1.188,507.5
1190,5.09E-01,1.19,508.5
1192,5.16E-01,1.192,516.1
1194,5.15E-01,1.194,514.5
1196,5.08E-01,1.196,508.4
1198,4.94E-01,1.198,494.3
1200,5.00E-01,1.2,500.3
1202,5.07E-01,1.202,506.8
1204,4.95E-01,1.204,494.8
1206,5.04E-01,1.206,503.9
1208,4.89E-01,1.208,489
1210,4.88E-01,1.21,488.2
1212,4.93E-01,1.212,493.3
1214,4.94E-01,1.214,494.2
1216,4.93E-01,1.216,493
1218,4.90E-01,1.218,489.7
1220,4.88E-01,1.22,487.5
1222,4.85E-01,1.222,485.4
1224,4.85E-01,1.224,484.6
1226,4.82E-01,1.226,481.7
1228,4.77E-01,1.228,477.1
1230,4.79E-01,1.23,479.2
1232,4.75E-01,1.232,475
1234,4.73E-01,1.234,472.9
1236,4.72E-01,1.236,471.9
1238,4.70E-01,1.238,470.3
1240,4.65E-01,1.24,465.3
1242,4.64E-01,1.242,464.2
1244,4.62E-01,1.244,461.9
1246,4.64E-01,1.246,463.5
1248,4.63E-01,1.248,463.3
1250,4.62E-01,1.25,462.4
1252,4.57E-01,1.252,457.1
1254,4.57E-01,1.254,457.4
1256,4.55E-01,1.256,455.1
1258,4.53E-01,1.258,453.3
1260,4.53E-01,1.26,453
1262,4.50E-01,1.262,449.7
1264,4.48E-01,1.264,447.8
1266,4.47E-01,1.266,446.7
1268,4.42E-01,1.268,441.7
1270,4.45E-01,1.27,445.3
1272,4.45E-01,1.272,445.2
1274,4.43E-01,1.274,443.1
1276,4.45E-01,1.276,445.1
1278,4.44E-01,1.278,444
1280,4.36E-01,1.28,435.6
1282,4.01E-01,1.282,401.4
1284,4.26E-01,1.284,425.9
1286,4.33E-01,1.286,432.8
1288,4.31E-01,1.288,431.4
1290,4.26E-01,1.29,425.5
1292,4.25E-01,1.292,425.4
1294,4.22E-01,1.294,422.3
1296,4.22E-01,1.296,422.4
1298,4.18E-01,1.298,418.4
1300,4.19E-01,1.3,418.6
1302,4.14E-01,1.302,413.9
1304,4.11E-01,1.304,411.1
1306,4.14E-01,1.306,413.6
1308,4.12E-01,1.308,412.3
1310,4.11E-01,1.31,410.6
1312,4.03E-01,1.312,403.3
1314,4.02E-01,1.314,402.2
1316,3.98E-01,1.316,397.9
1318,4.02E-01,1.318,401.7
1320,4.02E-01,1.32,401.6
1322,3.99E-01,1.322,398.6
1324,3.98E-01,1.324,398.1
1326,3.95E-01,1.326,394.9
1328,3.91E-01,1.328,390.8
1330,3.88E-01,1.33,387.8
1332,3.86E-01,1.332,386.3
1334,3.89E-01,1.334,389.2
1336,3.87E-01,1.336,386.6
1338,3.83E-01,1.338,383.2
1340,3.79E-01,1.34,379
1342,3.81E-01,1.342,380.5
1344,3.80E-01,1.344,379.8
1346,3.77E-01,1.346,377.2
1348,3.77E-01,1.348,376.6
1350,3.72E-01,1.35,372.4
1352,3.74E-01,1.352,374.2
1354,3.72E-01,1.354,372.2
1356,3.68E-01,1.356,367.5
1358,3.69E-01,1.358,368.8
1360,3.67E-01,1.36,367.3
1362,3.68E-01,1.362,367.7
1364,3.66E-01,1.364,365.7
1366,3.66E-01,1.366,365.7
1368,3.63E-01,1.368,362.8
1370,3.60E-01,1.37,359.9
1372,3.62E-01,1.372,362.1
1374,3.61E-01,1.374,361.1
1376,3.56E-01,1.376,356.1
1378,3.58E-01,1.378,358
1380,3.58E-01,1.38,357.9
1382,3.55E-01,1.382,354.5
1384,3.55E-01,1.384,354.7
1386,3.53E-01,1.386,353.2
1388,3.53E-01,1.388,353
1390,3.51E-01,1.39,350.6
1392,3.51E-01,1.392,351.3
1394,3.49E-01,1.394,348.8
1396,3.49E-01,1.396,348.7
1398,3.49E-01,1.398,349.2
1400,3.43E-01,1.4,342.7
1402,3.44E-01,1.402,343.9
1404,3.43E-01,1.404,342.8
1406,3.43E-01,1.406,343.1
1408,3.43E-01,1.408,342.7
1410,3.42E-01,1.41,341.8
1412,3.35E-01,1.412,334.8
1414,3.38E-01,1.414,337.7
1416,3.39E-01,1.416,338.5
1418,3.39E-01,1.418,338.6
1420,3.36E-01,1.42,335.7
1422,3.32E-01,1.422,331.5
1424,3.31E-01,1.424,331.1
1426,3.28E-01,1.426,328.1
1428,3.29E-01,1.428,328.5
1430,3.26E-01,1.43,325.7
1432,3.30E-01,1.432,330
1434,3.28E-01,1.434,328.4
1436,3.29E-01,1.436,328.5
1438,3.28E-01,1.438,328.3
1440,3.19E-01,1.44,318.8
1442,3.19E-01,1.442,318.6
1444,3.20E-01,1.444,319.7
1446,3.22E-01,1.446,321.6
1448,3.22E-01,1.448,321.6
1450,3.19E-01,1.45,318.7
1452,3.15E-01,1.452,315.4
1454,3.14E-01,1.454,314.3
1456,3.13E-01,1.456,313.1
1458,3.17E-01,1.458,316.7
1460,3.16E-01,1.46,315.6
1462,3.12E-01,1.462,312.1
1464,3.11E-01,1.464,310.5
1466,3.11E-01,1.466,310.8
1468,3.11E-01,1.468,311.4
1470,3.10E-01,1.47,310.2
1472,3.07E-01,1.472,307.3
1474,3.03E-01,1.474,303.4
1476,3.05E-01,1.476,304.8
1478,3.04E-01,1.478,304.4
1480,3.07E-01,1.48,306.8
1482,3.04E-01,1.482,304.4
1484,3.04E-01,1.484,303.9
1486,3.03E-01,1.486,303.3
1488,2.86E-01,1.488,285.5
1490,3.02E-01,1.49,301.5
1492,3.02E-01,1.492,301.8
1494,3.03E-01,1.494,303.3
1496,2.97E-01,1.496,297.2
1498,2.99E-01,1.498,299.4
1500,3.01E-01,1.5,301.1
1502,2.92E-01,1.502,292.4
1504,2.80E-01,1.504,279.9
1506,2.85E-01,1.506,284.8
1508,2.92E-01,1.508,291.9
1510,2.95E-01,1.51,294.7
1512,2.91E-01,1.512,291.3
1514,2.88E-01,1.514,288.3
1516,2.88E-01,1.516,288.2
1518,2.88E-01,1.518,288.4
1520,2.87E-01,1.52,286.6
1522,2.82E-01,1.522,282.4
1524,2.84E-01,1.524,283.5
1526,2.85E-01,1.526,284.6
1528,2.85E-01,1.528,284.6
1530,2.77E-01,1.53,276.5
1532,2.82E-01,1.532,282.3
1534,2.78E-01,1.534,278.4
1536,2.81E-01,1.536,280.6
1538,2.77E-01,1.538,277.3
1540,2.73E-01,1.54,273
1542,2.75E-01,1.542,275.3
1544,2.78E-01,1.544,277.8
1546,2.77E-01,1.546,277.2
1548,2.71E-01,1.548,271.1
1550,2.71E-01,1.55,271.3
1552,2.73E-01,1.552,273.1
1554,2.68E-01,1.554,267.6
1556,2.67E-01,1.556,267.1
1558,2.69E-01,1.558,268.9
1560,2.68E-01,1.56,268.3
1562,2.70E-01,1.562,269.7
1564,2.67E-01,1.564,266.9
1566,2.65E-01,1.566,265.4
1568,2.63E-01,1.568,263.3
1570,2.65E-01,1.57,264.5
1572,2.67E-01,1.572,267.3
1574,2.61E-01,1.574,261
1576,2.54E-01,1.576,253.6
1578,2.55E-01,1.578,254.7
1580,2.65E-01,1.58,265
1582,2.59E-01,1.582,259
1584,2.59E-01,1.584,259.1
1586,2.60E-01,1.586,259.9
1588,2.49E-01,1.588,249
1590,2.41E-01,1.59,240.5
1592,2.53E-01,1.592,252.6
1594,2.58E-01,1.594,258.3
1596,2.51E-01,1.596,250.6
1598,2.55E-01,1.598,254.5
1600,2.51E-01,1.6,251.2
1602,2.49E-01,1.602,248.9
1604,2.50E-01,1.604,249.7
1606,2.48E-01,1.606,247.7
1608,2.49E-01,1.608,249.1
1610,2.40E-01,1.61,240
1612,2.43E-01,1.612,243
1614,2.45E-01,1.614,244.9
1616,2.37E-01,1.616,237.4
1618,2.42E-01,1.618,242.3
1620,2.37E-01,1.62,236.9
1622,2.38E-01,1.622,238.3
1624,2.42E-01,1.624,241.6
1626,2.40E-01,1.626,240.2
1628,2.42E-01,1.628,241.8
1630,2.39E-01,1.63,239.3
1632,2.39E-01,1.632,238.7
1634,2.36E-01,1.634,235.9
1636,2.36E-01,1.636,235.7
1638,2.27E-01,1.638,227.4
1640,2.26E-01,1.64,226.2
1642,2.27E-01,1.642,226.6
1644,2.28E-01,1.644,227.8
1646,2.29E-01,1.646,229.4
1648,2.29E-01,1.648,229.2
1650,2.27E-01,1.65,227.2
1652,2.27E-01,1.652,226.8
1654,2.26E-01,1.654,226.2
1656,2.26E-01,1.656,226
1658,2.25E-01,1.658,225.2
1660,2.25E-01,1.66,224.5
1662,2.25E-01,1.662,224.6
1664,2.23E-01,1.664,222.7
1666,2.21E-01,1.666,221.2
1668,2.19E-01,1.668,219.3
1670,2.23E-01,1.67,222.5
1672,2.17E-01,1.672,217.3
1674,2.19E-01,1.674,219.3
1676,2.16E-01,1.676,216.1
1678,2.17E-01,1.678,216.8
1680,2.08E-01,1.68,208
1682,2.05E-01,1.682,205.4
1684,2.13E-01,1.684,212.9
1686,2.13E-01,1.686,213.1
1688,2.12E-01,1.688,212
1690,2.11E-01,1.69,210.5
1692,2.12E-01,1.692,212.3
1694,2.11E-01,1.694,211.2
1696,2.10E-01,1.696,210
1698,2.09E-01,1.698,208.9
1700,2.06E-01,1.7,206.3
1702,2.05E-01,1.702,204.7
1704,2.05E-01,1.704,205.2
1706,2.05E-01,1.706,205
1708,2.02E-01,1.708,201.7
1710,2.01E-01,1.71,201.3
1712,1.98E-01,1.712,198.2
1714,2.04E-01,1.714,203.7
1716,2.02E-01,1.716,202.2
1718,2.01E-01,1.718,201
1720,1.99E-01,1.72,199.3
1722,1.98E-01,1.722,197.5
1724,1.95E-01,1.724,195.4
1726,1.98E-01,1.726,198.2
1728,1.97E-01,1.728,197.1
1730,1.98E-01,1.73,198.4
1732,1.94E-01,1.732,193.6
1734,1.87E-01,1.734,187.4
1736,1.83E-01,1.736,182.7
1738,1.86E-01,1.738,186.3
1740,1.91E-01,1.74,190.5
1742,1.90E-01,1.742,190.2
1744,1.91E-01,1.744,190.7
1746,1.87E-01,1.746,186.7
1748,1.87E-01,1.748,187.2
1750,1.86E-01,1.75,185.8
1752,1.85E-01,1.752,185
1754,1.86E-01,1.754,185.6
1756,1.85E-01,1.756,184.9
1758,1.84E-01,1.758,184.3
1760,1.83E-01,1.76,183.1
1762,1.79E-01,1.762,179.3
1764,1.81E-01,1.764,180.7
1766,1.82E-01,1.766,181.7
1768,1.80E-01,1.768,180.2
1770,1.79E-01,1.77,179.1
1772,1.79E-01,1.772,179.4
1774,1.79E-01,1.774,179.2
1776,1.76E-01,1.776,176.3
1778,1.75E-01,1.778,174.7
1780,1.76E-01,1.78,175.6
1782,1.75E-01,1.782,174.7
1784,1.74E-01,1.784,173.5
1786,1.74E-01,1.786,173.9
1788,1.75E-01,1.788,174.7
1790,1.73E-01,1.79,173.3
1792,1.72E-01,1.792,172.1
1794,1.71E-01,1.794,170.9
1796,1.71E-01,1.796,170.6
1798,1.70E-01,1.798,170.3
1800,1.70E-01,1.8,169.9
1802,1.67E-01,1.802,167.2
1804,1.69E-01,1.804,168.8
1806,1.69E-01,1.806,168.8
1808,1.69E-01,1.808,168.5
1810,1.69E-01,1.81,168.6
1812,1.68E-01,1.812,167.5
1814,1.66E-01,1.814,165.8
1816,1.61E-01,1.816,160.5
1818,1.52E-01,1.818,152
1820,1.60E-01,1.82,159.6
1822,1.60E-01,1.822,159.8
1824,1.62E-01,1.824,162.4
1826,1.63E-01,1.826,162.8
1828,1.61E-01,1.828,161.1
1830,1.61E-01,1.83,160.6
1832,1.59E-01,1.832,159.3
1834,1.59E-01,1.834,158.5
1836,1.58E-01,1.836,158.1
1838,1.56E-01,1.838,156.2
1840,1.56E-01,1.84,156.2
1842,1.54E-01,1.842,154
1844,1.54E-01,1.844,154.1
1846,1.54E-01,1.846,153.5
1848,1.51E-01,1.848,151
1850,1.55E-01,1.85,154.6
1852,1.53E-01,1.852,153.4
1854,1.53E-01,1.854,152.5
1856,1.51E-01,1.856,150.9
1858,1.53E-01,1.858,152.5
1860,1.50E-01,1.86,150.3
1862,1.50E-01,1.862,150.4
1864,1.51E-01,1.864,150.9
1866,1.49E-01,1.866,149.4
1868,1.49E-01,1.868,149.2
1870,1.51E-01,1.87,150.8
1872,1.47E-01,1.872,147.3
1874,1.40E-01,1.874,140.1
1876,1.30E-01,1.876,129.9
1878,1.44E-01,1.878,144.1
1880,1.46E-01,1.88,146.2
1882,1.47E-01,1.882,147.4
1884,1.46E-01,1.884,146.4
1886,1.44E-01,1.886,143.9
1888,1.45E-01,1.888,145.3
1890,1.42E-01,1.89,142.4
1892,1.41E-01,1.892,140.8
1894,1.40E-01,1.894,139.6
1896,1.37E-01,1.896,137.3
1898,1.39E-01,1.898,139
1900,1.40E-01,1.9,139.7
1902,1.41E-01,1.902,140.9
1904,1.39E-01,1.904,138.6
1906,1.39E-01,1.906,139
1908,1.38E-01,1.908,137.7
1910,1.38E-01,1.91,137.8
1912,1.35E-01,1.912,135.4
1914,1.37E-01,1.914,137
1916,1.36E-01,1.916,136
1918,1.35E-01,1.918,135.3
1920,1.33E-01,1.92,133.3
1922,1.35E-01,1.922,135
1924,1.34E-01,1.924,134.1
1926,1.34E-01,1.926,134.4
1928,1.32E-01,1.928,132.2
1930,1.31E-01,1.93,131.3
1932,1.31E-01,1.932,130.8
1934,1.32E-01,1.934,132
1936,1.33E-01,1.936,132.8
1938,1.32E-01,1.938,132.1
1940,1.30E-01,1.94,129.9
1942,1.29E-01,1.942,129.4
1944,1.20E-01,1.944,120.3
1946,1.19E-01,1.946,119.2
1948,1.27E-01,1.948,127.1
1950,1.26E-01,1.95,126.1
1952,1.26E-01,1.952,125.5
1954,1.29E-01,1.954,128.6
1956,1.28E-01,1.956,127.6
1958,1.27E-01,1.958,127.1
1960,1.26E-01,1.96,126.1
1962,1.24E-01,1.962,124
1964,1.22E-01,1.964,122.2
1966,1.23E-01,1.966,123.1
1968,1.24E-01,1.968,124
1970,1.24E-01,1.97,123.9
1972,1.21E-01,1.972,121.3
1974,1.21E-01,1.974,120.8
1976,1.22E-01,1.976,122.4
1978,1.19E-01,1.978,119.4
1980,1.20E-01,1.98,119.6
1982,1.21E-01,1.982,120.5
1984,1.20E-01,1.984,119.7
1986,1.18E-01,1.986,117.8
1988,1.20E-01,1.988,119.5
1990,1.20E-01,1.99,119.8
1992,1.18E-01,1.992,118
1994,1.16E-01,1.994,116.2
1996,1.17E-01,1.996,117.3
1998,1.16E-01,1.998,115.9
2000,1.17E-01,2,117
2002,1.16E-01,2.002,116.1
2004,1.15E-01,2.004,114.8
2006,1.15E-01,2.006,114.7
2008,1.15E-01,2.008,115.4
2010,1.15E-01,2.01,114.9
2012,1.15E-01,2.012,114.5
2014,1.14E-01,2.014,113.8
2016,1.14E-01,2.016,113.7
2018,1.13E-01,2.018,113.4
2020,1.12E-01,2.02,111.6
2022,1.11E-01,2.022,110.7
2024,1.12E-01,2.024,111.6
2026,1.12E-01,2.026,111.5
2028,1.11E-01,2.028,110.7
2030,1.09E-01,2.03,108.6
2032,1.10E-01,2.032,109.8
2034,1.09E-01,2.034,109.2
2036,1.08E-01,2.036,108.3
2038,1.06E-01,2.038,106.4
2040,1.08E-01,2.04,107.8
2042,1.08E-01,2.042,107.6
2044,1.08E-01,2.044,107.6
2046,1.07E-01,2.046,107.1
2048,1.06E-01,2.048,106.3
2050,1.06E-01,2.05,105.9
2052,1.05E-01,2.052,104.7
2054,1.05E-01,2.054,104.6
2056,1.05E-01,2.056,104.6
2058,1.04E-01,2.058,104
2060,1.03E-01,2.06,102.8
2062,1.02E-01,2.062,102.3
2064,1.01E-01,2.064,100.5
2066,1.03E-01,2.066,102.5
2068,1.02E-01,2.068,101.9
2070,1.00E-01,2.07,100.3
2072,1.00E-01,2.072,100.4
2074,1.01E-01,2.074,100.9
2076,1.01E-01,2.076,100.6
2078,1.00E-01,2.078,100
2080,9.88E-02,2.08,98.78
2082,9.86E-02,2.082,98.64
2084,9.77E-02,2.084,97.72
2086,9.85E-02,2.086,98.52
2088,9.84E-02,2.088,98.35
2090,9.79E-02,2.09,97.88
2092,9.57E-02,2.092,95.67
2094,9.59E-02,2.094,95.93
2096,9.58E-02,2.096,95.8
2098,9.62E-02,2.098,96.2
2100,9.61E-02,2.1,96.06
2102,9.58E-02,2.102,95.77
2104,9.56E-02,2.104,95.59
2106,9.57E-02,2.106,95.74
2108,9.51E-02,2.108,95.13
2110,9.40E-02,2.11,93.96
2112,9.45E-02,2.112,94.52
2114,9.44E-02,2.114,94.36
2116,9.33E-02,2.116,93.31
2118,9.31E-02,2.118,93.11
2120,9.28E-02,2.12,92.75
2122,9.28E-02,2.122,92.75
2124,9.19E-02,2.124,91.89
2126,9.21E-02,2.126,92.08
2128,9.23E-02,2.128,92.25
2130,9.21E-02,2.13,92.09
2132,9.21E-02,2.132,92.1
2134,9.16E-02,2.134,91.55
2136,9.01E-02,2.136,90.12
2138,9.11E-02,2.138,91.1
2140,9.08E-02,2.14,90.83
2142,9.06E-02,2.142,90.64
2144,9.01E-02,2.144,90.06
2146,8.94E-02,2.146,89.39
2148,8.98E-02,2.148,89.79
2150,8.96E-02,2.15,89.57
2152,8.91E-02,2.152,89.13
2154,8.88E-02,2.154,88.78
2156,8.87E-02,2.156,88.74
2158,8.84E-02,2.158,88.42
2160,8.78E-02,2.16,87.81
2162,8.69E-02,2.162,86.86
2164,8.46E-02,2.164,84.56
2166,7.85E-02,2.166,78.49
2168,8.30E-02,2.168,83
2170,8.56E-02,2.17,85.57
2172,8.59E-02,2.172,85.91
2174,8.59E-02,2.174,85.92
2176,8.53E-02,2.176,85.32
2178,8.43E-02,2.178,84.25
2180,8.50E-02,2.18,84.97
2182,8.43E-02,2.182,84.25
2184,8.46E-02,2.184,84.57
2186,8.47E-02,2.186,84.65
2188,8.28E-02,2.188,82.77
2190,8.30E-02,2.19,83.04
2192,8.38E-02,2.192,83.77
2194,8.35E-02,2.194,83.49
2196,8.32E-02,2.196,83.18
2198,8.30E-02,2.198,82.99
2200,8.27E-02,2.2,82.65
2202,8.23E-02,2.202,82.3
2204,8.21E-02,2.204,82.11
2206,7.97E-02,2.206,79.66
2208,7.97E-02,2.208,79.66
2210,8.08E-02,2.21,80.8
2212,8.11E-02,2.212,81.05
2214,8.07E-02,2.214,80.72
2216,7.99E-02,2.216,79.94
2218,7.97E-02,2.218,79.7
2220,8.00E-02,2.22,79.97
2222,7.96E-02,2.222,79.62
2224,7.93E-02,2.224,79.26
2226,7.81E-02,2.226,78.11
2228,7.83E-02,2.228,78.26
2230,7.83E-02,2.23,78.31
2232,7.82E-02,2.232,78.15
2234,7.80E-02,2.234,78.02
2236,7.76E-02,2.236,77.58
2238,7.65E-02,2.238,76.48
2240,7.64E-02,2.24,76.39
2242,7.64E-02,2.242,76.42
2244,7.62E-02,2.244,76.24
2246,7.61E-02,2.246,76.12
2248,7.52E-02,2.248,75.2
2250,7.54E-02,2.25,75.41
2252,7.51E-02,2.252,75.12
2254,7.40E-02,2.254,74.02
2256,7.42E-02,2.256,74.22
2258,7.44E-02,2.258,74.41
2260,7.42E-02,2.26,74.21
2262,7.30E-02,2.262,72.99
2264,7.33E-02,2.264,73.29
2266,7.32E-02,2.266,73.15
2268,7.33E-02,2.268,73.27
2270,7.30E-02,2.27,72.97
2272,7.28E-02,2.272,72.77
2274,7.25E-02,2.274,72.52
2276,7.24E-02,2.276,72.39
2278,7.24E-02,2.278,72.42
2280,7.17E-02,2.28,71.65
2282,7.01E-02,2.282,70.07
2284,7.13E-02,2.284,71.25
2286,7.12E-02,2.286,71.24
2288,7.13E-02,2.288,71.27
2290,7.11E-02,2.29,71.1
2292,7.07E-02,2.292,70.67
2294,6.92E-02,2.294,69.2
2296,6.91E-02,2.296,69.08
2298,6.92E-02,2.298,69.19
2300,6.95E-02,2.3,69.53
2302,6.96E-02,2.302,69.55
2304,6.93E-02,2.304,69.31
2306,6.92E-02,2.306,69.23
2308,6.90E-02,2.308,69.01
2310,6.87E-02,2.31,68.7
2312,6.87E-02,2.312,68.67
2314,6.83E-02,2.314,68.26
2316,6.78E-02,2.316,67.79
2318,6.75E-02,2.318,67.45
2320,6.77E-02,2.32,67.68
2322,6.68E-02,2.322,66.75
2324,6.54E-02,2.324,65.36
2326,6.56E-02,2.326,65.59
2328,6.63E-02,2.328,66.29
2330,6.62E-02,2.33,66.16
2332,6.58E-02,2.332,65.84
2334,6.57E-02,2.334,65.71
2336,6.54E-02,2.336,65.36
2338,6.50E-02,2.338,64.96
2340,6.52E-02,2.34,65.2
2342,6.54E-02,2.342,65.39
2344,6.51E-02,2.344,65.09
2346,6.49E-02,2.346,64.86
2348,6.47E-02,2.348,64.72
2350,6.45E-02,2.35,64.53
2352,6.29E-02,2.352,62.89
2354,6.24E-02,2.354,62.39
2356,6.28E-02,2.356,62.82
2358,6.27E-02,2.358,62.66
2360,6.31E-02,2.36,63.08
2362,6.31E-02,2.362,63.05
2364,6.30E-02,2.364,62.95
2366,6.28E-02,2.366,62.84
2368,6.26E-02,2.368,62.63
2370,6.21E-02,2.37,62.11
2372,6.21E-02,2.372,62.07
2374,6.07E-02,2.374,60.66
2376,6.16E-02,2.376,61.64
2378,6.19E-02,2.378,61.92
2380,6.17E-02,2.38,61.72
2382,6.10E-02,2.382,60.98
2384,5.89E-02,2.384,58.85
2386,5.91E-02,2.386,59.08
2388,6.00E-02,2.388,60.04
2390,6.03E-02,2.39,60.29
2392,6.01E-02,2.392,60.08
2394,6.00E-02,2.394,60.03
2396,6.00E-02,2.396,59.96
2398,5.99E-02,2.398,59.89
2400,5.94E-02,2.4,59.44
2402,5.97E-02,2.402,59.65
2404,5.95E-02,2.404,59.45
2406,5.92E-02,2.406,59.19
2408,5.92E-02,2.408,59.15
2410,5.90E-02,2.41,59.02
2412,5.89E-02,2.412,58.94
2414,5.73E-02,2.414,57.34
2416,5.60E-02,2.416,55.99
2418,5.75E-02,2.418,57.48
2420,5.77E-02,2.42,57.7
2422,5.77E-02,2.422,57.67
2424,5.73E-02,2.424,57.26
2426,5.72E-02,2.426,57.17
2428,5.71E-02,2.428,57.12
2430,5.71E-02,2.43,57.12
2432,5.70E-02,2.432,57.02
2434,5.64E-02,2.434,56.41
2436,5.62E-02,2.436,56.18
2438,5.60E-02,2.438,55.99
2440,5.64E-02,2.44,56.39
2442,5.62E-02,2.442,56.17
2444,5.60E-02,2.444,56.03
2446,5.50E-02,2.446,54.98
2448,5.46E-02,2.448,54.57
2450,5.46E-02,2.45,54.62
2452,5.43E-02,2.452,54.32
2454,5.46E-02,2.454,54.55
2456,5.37E-02,2.456,53.7
2458,5.39E-02,2.458,53.92
2460,5.46E-02,2.46,54.57
2462,5.44E-02,2.462,54.42
2464,5.44E-02,2.464,54.35
2466,5.41E-02,2.466,54.05
2468,5.39E-02,2.468,53.9
2470,5.29E-02,2.47,52.85
2472,5.33E-02,2.472,53.3
2474,5.31E-02,2.474,53.13
2476,5.34E-02,2.476,53.43
2478,5.30E-02,2.478,53.03
2480,5.18E-02,2.48,51.77
2482,5.14E-02,2.482,51.4
2484,5.22E-02,2.484,52.19
2486,5.16E-02,2.486,51.6
2488,5.17E-02,2.488,51.69
2490,5.23E-02,2.49,52.25
2492,5.20E-02,2.492,51.98
2494,5.18E-02,2.494,51.75
2496,5.15E-02,2.496,51.52
2498,5.15E-02,2.498,51.54
2500,5.16E-02,2.5,51.55
2520,4.98E-02,2.52,49.84
2540,4.81E-02,2.54,48.14
2560,4.67E-02,2.56,46.72
2580,4.55E-02,2.58,45.5
2600,4.46E-02,2.6,44.57
2620,4.31E-02,2.62,43.05
2640,4.21E-02,2.64,42.11
2660,4.08E-02,2.66,40.79
2680,3.97E-02,2.68,39.68
2700,3.87E-02,2.7,38.67
2720,3.76E-02,2.72,37.63
2740,3.66E-02,2.74,36.63
2760,3.55E-02,2.76,35.46
2780,3.47E-02,2.78,34.68
2800,3.39E-02,2.8,33.85
2820,3.30E-02,2.82,32.97
2840,3.21E-02,2.84,32.09
2860,3.12E-02,2.86,31.19
2880,3.03E-02,2.88,30.32
2900,2.97E-02,2.9,29.69
2920,2.89E-02,2.92,28.9
2940,2.82E-02,2.94,28.17
2960,2.75E-02,2.96,27.5
2980,2.68E-02,2.98,26.82
3000,2.61E-02,3,26.12
3020,2.55E-02,3.02,25.47
3040,2.47E-02,3.04,24.65
3060,2.42E-02,3.06,24.22
3080,2.36E-02,3.08,23.64
3100,2.31E-02,3.1,23.06
3120,2.25E-02,3.12,22.46
3140,2.20E-02,3.14,21.98
3160,2.14E-02,3.16,21.44
3180,2.10E-02,3.18,20.96
3200,2.05E-02,3.2,20.48
3220,2.00E-02,3.22,20
3240,1.95E-02,3.24,19.51
3260,1.91E-02,3.26,19.07
3280,1.86E-02,3.28,18.58
3300,1.80E-02,3.3,18.02
3320,1.77E-02,3.32,17.68
3340,1.74E-02,3.34,17.37
3360,1.70E-02,3.36,16.97
3380,1.66E-02,3.38,16.59
3400,1.62E-02,3.4,16.15
3420,1.58E-02,3.42,15.84
3440,1.55E-02,3.44,15.54
3460,1.52E-02,3.46,15.2
3480,1.49E-02,3.48,14.86
3500,1.46E-02,3.5,14.56
3520,1.43E-02,3.52,14.25
3540,1.39E-02,3.54,13.93
3560,1.36E-02,3.56,13.62
3580,1.33E-02,3.58,13.34
3600,1.31E-02,3.6,13.07
3620,1.28E-02,3.62,12.81
3640,1.25E-02,3.64,12.51
3660,1.22E-02,3.66,12.22
3680,1.19E-02,3.68,11.93
3700,1.16E-02,3.7,11.62
3720,1.15E-02,3.72,11.45
3740,1.11E-02,3.74,11.08
3760,1.10E-02,3.76,10.96
3780,1.08E-02,3.78,10.78
3800,1.06E-02,3.8,10.57
3820,1.04E-02,3.82,10.38
3840,1.02E-02,3.84,10.19
3860,9.98E-03,3.86,9.983
3880,9.78E-03,3.88,9.782
3900,9.60E-03,3.9,9.599
3920,9.43E-03,3.92,9.427
3940,9.23E-03,3.94,9.233
3960,9.03E-03,3.96,9.032
3980,8.86E-03,3.98,8.857
4000,8.67E-03,4,8.669
4020,8.56E-03,4.02,8.557
4040,8.39E-03,4.04,8.385
4060,8.22E-03,4.06,8.217
4080,8.05E-03,4.08,8.054
4100,7.89E-03,4.1,7.894
4120,7.74E-03,4.12,7.739
4140,7.59E-03,4.14,7.587
4160,7.44E-03,4.16,7.439
4180,7.29E-03,4.18,7.294
4200,7.15E-03,4.2,7.153
4220,7.02E-03,4.22,7.015
4240,6.88E-03,4.24,6.881
4260,6.75E-03,4.26,6.749
4280,6.62E-03,4.28,6.621
4300,6.50E-03,4.3,6.496
4320,6.37E-03,4.32,6.374
4340,6.25E-03,4.34,6.254
4360,6.14E-03,4.36,6.138
4380,6.02E-03,4.38,6.024
4400,5.91E-03,4.4,5.913
4420,5.80E-03,4.42,5.804
4440,5.70E-03,4.44,5.698
4460,5.59E-03,4.46,5.594
4480,5.49E-03,4.48,5.492
4500,5.39E-03,4.5,5.393
4520,5.30E-03,4.52,5.296
4540,5.20E-03,4.54,5.201
4560,5.11E-03,4.56,5.108
4580,5.02E-03,4.58,5.018
4600,4.93E-03,4.6,4.929
4620,4.84E-03,4.62,4.842
4640,4.76E-03,4.64,4.757
4660,4.67E-03,4.66,4.674
4680,4.59E-03,4.68,4.593
4700,4.51E-03,4.7,4.514
4720,4.44E-03,4.72,4.436
4740,4.36E-03,4.74,4.36
4760,4.29E-03,4.76,4.285
4780,4.21E-03,4.78,4.212
4800,4.14E-03,4.8,4.141
4820,4.07E-03,4.82,4.071
4840,4.00E-03,4.84,4.003
4860,3.94E-03,4.86,3.936
4880,3.87E-03,4.88,3.87
4900,3.81E-03,4.9,3.806
4920,3.74E-03,4.92,3.743
4940,3.68E-03,4.94,3.681
4960,3.62E-03,4.96,3.621
4980,3.56E-03,4.98,3.562
5000,3.50E-03,5,3.504
5050,3.39E-03,5.05,3.394
5100,3.27E-03,5.1,3.267
5150,3.15E-03,5.15,3.146
5200,3.03E-03,5.2,3.03
5250,2.92E-03,5.25,2.92
5300,2.82E-03,5.3,2.815
5350,2.72E-03,5.35,2.715
5400,2.62E-03,5.4,2.619
5450,2.53E-03,5.45,2.527
5500,2.44E-03,5.5,2.439
5550,2.36E-03,5.55,2.355
5600,2.28E-03,5.6,2.275
5650,2.20E-03,5.65,2.198
5700,2.12E-03,5.7,2.124
5750,2.05E-03,5.75,2.054
5800,1.99E-03,5.8,1.986
5850,1.92E-03,5.85,1.921
5900,1.86E-03,5.9,1.859
5950,1.80E-03,5.95,1.799
6000,1.74E-03,6,1.742
6050,1.69E-03,6.05,1.687
6100,1.63E-03,6.1,1.634
6150,1.58E-03,6.15,1.583
6200,1.53E-03,6.2,1.534
6250,1.49E-03,6.25,1.487
6300,1.44E-03,6.3,1.442
6350,1.40E-03,6.35,1.399
6400,1.36E-03,6.4,1.357
6450,1.32E-03,6.45,1.317
6500,1.28E-03,6.5,1.278
6550,1.24E-03,6.55,1.24
6600,1.20E-03,6.6,1.204
6650,1.17E-03,6.65,1.17
6700,1.14E-03,6.7,1.136
6750,1.10E-03,6.75,1.104
6800,1.07E-03,6.8,1.073
6850,1.04E-03,6.85,1.043
6900,1.01E-03,6.9,1.014
6950,9.86E-04,6.95,0.9862
7000,9.59E-04,7,0.9592
7050,9.33E-04,7.05,0.9331
7100,9.08E-04,7.1,0.908
7150,8.84E-04,7.15,0.8836
7200,8.60E-04,7.2,0.8601
7250,8.37E-04,7.25,0.8374
7300,8.15E-04,7.3,0.8154
7350,7.94E-04,7.35,0.7942
7400,7.74E-04,7.4,0.7736
7450,7.54E-04,7.45,0.7537
7500,7.34E-04,7.5,0.7344
7550,7.16E-04,7.55,0.7158
7600,6.98E-04,7.6,0.6977
7650,6.80E-04,7.65,0.6802
7700,6.63E-04,7.7,0.6633
7750,6.47E-04,7.75,0.6469
7800,6.31E-04,7.8,0.631
7850,6.16E-04,7.85,0.6156
7900,6.01E-04,7.9,0.6006
7950,5.86E-04,7.95,0.5862
8000,5.72E-04,8,0.5721
8050,5.59E-04,8.05,0.5585
8100,5.45E-04,8.1,0.5453
8150,5.32E-04,8.15,0.5324
8200,5.20E-04,8.2,0.52
8250,5.08E-04,8.25,0.5079
8300,4.96E-04,8.3,0.4961
8350,4.85E-04,8.35,0.4847
8400,4.74E-04,8.4,0.4737
8450,4.63E-04,8.45,0.4629
8500,4.53E-04,8.5,0.4525
8550,4.42E-04,8.55,0.4423
8600,4.32E-04,8.6,0.4324
8650,4.23E-04,8.65,0.4228
8700,4.14E-04,8.7,0.4135
8750,4.04E-04,8.75,0.4044
8800,3.96E-04,8.8,0.3956
8850,3.87E-04,8.85,0.387
8900,3.79E-04,8.9,0.3787
8950,3.71E-04,8.95,0.3706
9000,3.63E-04,9,0.3627
9050,3.55E-04,9.05,0.355
9100,3.48E-04,9.1,0.3475
9150,3.40E-04,9.15,0.3402
9200,3.33E-04,9.2,0.3331
9250,3.26E-04,9.25,0.3262
9300,3.20E-04,9.3,0.3195
9350,3.13E-04,9.35,0.3129
9400,3.07E-04,9.4,0.3065
9450,3.00E-04,9.45,0.3003
9500,2.94E-04,9.5,0.2942
9550,2.88E-04,9.55,0.2883
9600,2.83E-04,9.6,0.2825
9650,2.77E-04,9.65,0.2769
9700,2.71E-04,9.7,0.2714
9750,2.66E-04,9.75,0.2661
9800,2.61E-04,9.8,0.2608
9850,2.56E-04,9.85,0.2558
9900,2.51E-04,9.9,0.2508
9950,2.46E-04,9.95,0.246
10000,2.41E-04,10,0.2412
11000,1.64E-04,11,0.1635
12000,1.15E-04,12,0.1152
13000,8.34E-05,13,8.34E-02
14000,6.19E-05,14,6.19E-02
15000,4.69E-05,15,4.69E-02
16000,3.61E-05,16,3.61E-02
17000,2.83E-05,17,2.83E-02
18000,2.25E-05,18,2.25E-02
19000,1.81E-05,19,1.81E-02
20000,1.47E-05,20,1.47E-02
25000,6.05E-06,25,6.05E-03
30000,2.93E-06,30,2.93E-03
35000,1.58E-06,35,1.58E-03
40000,9.31E-07,40,9.31E-04
50000,3.83E-07,50,3.83E-04
60000,1.85E-07,60,1.85E-04
80000,5.88E-08,80,5.88E-05
100000,2.42E-08,100,2.42E-05
120000,1.17E-08,120,1.17E-05
150000,4.81E-09,150,4.81E-06
200000,1.53E-09,200,1.53E-06
250000,6.28E-10,250,6.28E-07
300000,2.95E-10,300,2.95E-07
400000,1.01E-10,400,1.01E-07
1000000,3.38E-12,1000,3.38E-09
